siteId,key,name,campus,type,x,z,heightMeters,material,facadeColor,secondaryColor,roofColor,roof,entranceDirection,signature,features,confidence,verification,sourceIds,outlineUrl,photoReferenceChannels,photoSearch
"0","way/226703926","北大西门","pku","gate","-38.069","17.905","8.5","red-brick","#8b2f2b","#d4c6a9","#3f4b46","flat","270","chinese-gate","gatehouse|traditional-eaves","estimated","pending-field-check","osm|esri-world-imagery|pku-map|pku-visit|pku-photo|pku-commons","https://www.openstreetmap.org/way/226703926","pku-visit|pku-photo|pku-commons","https://commons.wikimedia.org/w/index.php?search=%E5%8C%97%E5%A4%A7%E8%A5%BF%E9%97%A8&title=Special:MediaSearch&type=image"
"1","node/2748949454","北大东门","pku","gate","-17.585","24.063","8","red-brick","#88312c","#d8c9ad","#414b46","flat","","chinese-gate","gatehouse|traditional-eaves","estimated","pending-field-check","osm|esri-world-imagery|pku-map|pku-visit|pku-photo|pku-commons","https://www.openstreetmap.org/node/2748949454","pku-visit|pku-photo|pku-commons","https://commons.wikimedia.org/w/index.php?search=%E5%8C%97%E5%A4%A7%E4%B8%9C%E9%97%A8&title=Special:MediaSearch&type=image"
"2","relation/3249649","北京大学图书馆","pku","teaching","-27.947","24.681","25","stone","#aaa596","#ddd5bf","#45524f","flat","270","pku-library","three-part-library|sweeping-eaves|grand-stairs","estimated","pending-field-check","osm|esri-world-imagery|pku-map|pku-visit|pku-photo|pku-commons|pku-library|pku-heritage","https://www.openstreetmap.org/relation/3249649","pku-visit|pku-photo|pku-commons","https://commons.wikimedia.org/w/index.php?search=%E5%8C%97%E4%BA%AC%E5%A4%A7%E5%AD%A6%E5%9B%BE%E4%B9%A6%E9%A6%86&title=Special:MediaSearch&type=image"
"3","way/240825562","博雅塔","pku","teaching","-24.325","19.49","37","gray-brick","#918d82","#c2b89f","#414b47","flat","","pagoda","pagoda-tower|tiered-eaves","osm","verified-osm","osm|esri-world-imagery|pku-map|pku-visit|pku-photo|pku-commons","https://www.openstreetmap.org/way/240825562","pku-visit|pku-photo|pku-commons","https://commons.wikimedia.org/w/index.php?search=%E5%8D%9A%E9%9B%85%E5%A1%94&title=Special:MediaSearch&type=image"
"4","way/295071478","北京大学化学学院A区","pku","teaching","-13.244","27.441","12","gray-brick","#96938a","#d8d0bc","#4f5550","flat","","academic","main-entrance","estimated","pending-field-check","osm|esri-world-imagery|pku-map|pku-visit|pku-photo|pku-commons","https://www.openstreetmap.org/way/295071478","pku-visit|pku-photo|pku-commons","https://commons.wikimedia.org/w/index.php?search=%E5%8C%97%E4%BA%AC%E5%A4%A7%E5%AD%A6%E5%8C%96%E5%AD%A6%E5%AD%A6%E9%99%A2A%E5%8C%BA&title=Special:MediaSearch&type=image"
"5","way/392552195","北京大学加速器楼","pku","teaching","-7.729","22.083","12","gray-brick","#96938a","#d8d0bc","#4f5550","flat","","academic","main-entrance","estimated","pending-field-check","osm|esri-world-imagery|pku-map|pku-visit|pku-photo|pku-commons","https://www.openstreetmap.org/way/392552195","pku-visit|pku-photo|pku-commons","https://commons.wikimedia.org/w/index.php?search=%E5%8C%97%E4%BA%AC%E5%A4%A7%E5%AD%A6%E5%8A%A0%E9%80%9F%E5%99%A8%E6%A5%BC&title=Special:MediaSearch&type=image"
"6","relation/15596323","北京大学工学大楼","pku","teaching","-14.608","17.803","12","gray-brick","#96938a","#d8d0bc","#4f5550","flat","","academic","main-entrance","estimated","pending-field-check","osm|esri-world-imagery|pku-map|pku-visit|pku-photo|pku-commons","https://www.openstreetmap.org/relation/15596323","pku-visit|pku-photo|pku-commons","https://commons.wikimedia.org/w/index.php?search=%E5%8C%97%E4%BA%AC%E5%A4%A7%E5%AD%A6%E5%B7%A5%E5%AD%A6%E5%A4%A7%E6%A5%BC&title=Special:MediaSearch&type=image"
"7","relation/11823279","北京大学物理学院","pku","teaching","-14.338","22.041","12","gray-brick","#96938a","#d8d0bc","#4f5550","flat","","academic","main-entrance","estimated","pending-field-check","osm|esri-world-imagery|pku-map|pku-visit|pku-photo|pku-commons","https://www.openstreetmap.org/relation/11823279","pku-visit|pku-photo|pku-commons","https://commons.wikimedia.org/w/index.php?search=%E5%8C%97%E4%BA%AC%E5%A4%A7%E5%AD%A6%E7%89%A9%E7%90%86%E5%AD%A6%E9%99%A2&title=Special:MediaSearch&type=image"
"8","way/628048136","北京大学技物楼","pku","teaching","2.784","28.592","12","gray-brick","#96938a","#d8d0bc","#4f5550","flat","","academic","main-entrance","estimated","pending-field-check","osm|esri-world-imagery|pku-map|pku-visit|pku-photo|pku-commons","https://www.openstreetmap.org/way/628048136","pku-visit|pku-photo|pku-commons","https://commons.wikimedia.org/w/index.php?search=%E5%8C%97%E4%BA%AC%E5%A4%A7%E5%AD%A6%E6%8A%80%E7%89%A9%E6%A5%BC&title=Special:MediaSearch&type=image"
"9","way/188711087","百周年纪念讲堂","pku","teaching","-26.792","29.357","25","stone","#bdb29c","#d9d0bd","#6a6257","flat","180","modern-auditorium","layered-terraces|octagonal-window|grand-stairs","estimated","pending-field-check","osm|esri-world-imagery|pku-map|pku-visit|pku-photo|pku-commons|pku-centennial","https://www.openstreetmap.org/way/188711087","pku-visit|pku-photo|pku-commons","https://commons.wikimedia.org/w/index.php?search=%E7%99%BE%E5%91%A8%E5%B9%B4%E7%BA%AA%E5%BF%B5%E8%AE%B2%E5%A0%82&title=Special:MediaSearch&type=image"
"10","node/10295031067","北京国际数学研究中心","pku","teaching","-31.748","14.396","12","gray-brick","#96938a","#d8d0bc","#4f5550","flat","","academic","main-entrance","estimated","pending-field-check","osm|esri-world-imagery|pku-map|pku-visit|pku-photo|pku-commons","https://www.openstreetmap.org/node/10295031067","pku-visit|pku-photo|pku-commons","https://commons.wikimedia.org/w/index.php?search=%E5%8C%97%E4%BA%AC%E5%9B%BD%E9%99%85%E6%95%B0%E5%AD%A6%E7%A0%94%E7%A9%B6%E4%B8%AD%E5%BF%83&title=Special:MediaSearch&type=image"
"11","way/679485574","生物技术楼","pku","teaching","-35.85","13.067","6.9","stone","#b1aa98","#d6d0bf","#5d5e4f","flat","","academic","main-entrance","osm","verified-osm","osm|esri-world-imagery|pku-map|pku-visit|pku-photo|pku-commons","https://www.openstreetmap.org/way/679485574","pku-visit|pku-photo|pku-commons","https://commons.wikimedia.org/w/index.php?search=%E7%94%9F%E7%89%A9%E6%8A%80%E6%9C%AF%E6%A5%BC&title=Special:MediaSearch&type=image"
"12","way/986745064","李兆基人文学苑","pku","teaching","-24.887","11.769","13.8","stone","#b1aa98","#d6d0bf","#a4a18e","flat","","academic","main-entrance","estimated","pending-field-check","osm|esri-world-imagery|pku-map|pku-visit|pku-photo|pku-commons","https://www.openstreetmap.org/way/986745064","pku-visit|pku-photo|pku-commons","https://commons.wikimedia.org/w/index.php?search=%E6%9D%8E%E5%85%86%E5%9F%BA%E4%BA%BA%E6%96%87%E5%AD%A6%E8%8B%91&title=Special:MediaSearch&type=image"
"13","way/783033431","经济学院","pku","teaching","-22.291","12.209","20.7","stone","#b1aa98","#d6d0bf","#808676","flat","","academic","main-entrance","estimated","pending-field-check","osm|esri-world-imagery|pku-map|pku-visit|pku-photo|pku-commons","https://www.openstreetmap.org/way/783033431","pku-visit|pku-photo|pku-commons","https://commons.wikimedia.org/w/index.php?search=%E7%BB%8F%E6%B5%8E%E5%AD%A6%E9%99%A2&title=Special:MediaSearch&type=image"
"14","way/163926083","政府管理大楼","pku","teaching","-19.158","14.992","13.8","stone","#b1aa98","#d6d0bf","#858673","flat","","academic","main-entrance","estimated","pending-field-check","osm|esri-world-imagery|pku-map|pku-visit|pku-photo|pku-commons","https://www.openstreetmap.org/way/163926083","pku-visit|pku-photo|pku-commons","https://commons.wikimedia.org/w/index.php?search=%E6%94%BF%E5%BA%9C%E7%AE%A1%E7%90%86%E5%A4%A7%E6%A5%BC&title=Special:MediaSearch&type=image"
"15","relation/13059307","北京大学数学科学学院（理科一号楼）","pku","teaching","-21.571","27.475","20.7","stone","#b1aa98","#d6d0bf","#6d6a59","flat","","academic","main-entrance","estimated","pending-field-check","osm|esri-world-imagery|pku-map|pku-visit|pku-photo|pku-commons","https://www.openstreetmap.org/relation/13059307","pku-visit|pku-photo|pku-commons","https://commons.wikimedia.org/w/index.php?search=%E5%8C%97%E4%BA%AC%E5%A4%A7%E5%AD%A6%E6%95%B0%E5%AD%A6%E7%A7%91%E5%AD%A6%E5%AD%A6%E9%99%A2%EF%BC%88%E7%90%86%E7%A7%91%E4%B8%80%E5%8F%B7%E6%A5%BC%EF%BC%89&title=Special:MediaSearch&type=image"
"16","relation/14962081","理科二号楼","pku","teaching","-19.027","27.231","13.8","stone","#b1aa98","#d6d0bf","#686454","flat","","academic","main-entrance","estimated","pending-field-check","osm|esri-world-imagery|pku-map|pku-visit|pku-photo|pku-commons","https://www.openstreetmap.org/relation/14962081","pku-visit|pku-photo|pku-commons","https://commons.wikimedia.org/w/index.php?search=%E7%90%86%E7%A7%91%E4%BA%8C%E5%8F%B7%E6%A5%BC&title=Special:MediaSearch&type=image"
"17","relation/11975585","理科三号楼","pku","teaching","-19.101","25.144","13.8","stone","#b1aa98","#d6d0bf","#9a998b","flat","","academic","main-entrance","estimated","pending-field-check","osm|esri-world-imagery|pku-map|pku-visit|pku-photo|pku-commons","https://www.openstreetmap.org/relation/11975585","pku-visit|pku-photo|pku-commons","https://commons.wikimedia.org/w/index.php?search=%E7%90%86%E7%A7%91%E4%B8%89%E5%8F%B7%E6%A5%BC&title=Special:MediaSearch&type=image"
"18","way/226702307","第一教学楼","pku","teaching","-27.093","22.208","13.8","stone","#b1aa98","#d6d0bf","#9c9a84","flat","","academic","main-entrance","estimated","pending-field-check","osm|esri-world-imagery|pku-map|pku-visit|pku-photo|pku-commons","https://www.openstreetmap.org/way/226702307","pku-visit|pku-photo|pku-commons","https://commons.wikimedia.org/w/index.php?search=%E7%AC%AC%E4%B8%80%E6%95%99%E5%AD%A6%E6%A5%BC&title=Special:MediaSearch&type=image"
"19","way/240825557","第二教学楼","pku","teaching","-21.197","30.535","17.3","stone","#b1aa98","#d6d0bf","#888570","flat","","academic","main-entrance","osm","verified-osm","osm|esri-world-imagery|pku-map|pku-visit|pku-photo|pku-commons","https://www.openstreetmap.org/way/240825557","pku-visit|pku-photo|pku-commons","https://commons.wikimedia.org/w/index.php?search=%E7%AC%AC%E4%BA%8C%E6%95%99%E5%AD%A6%E6%A5%BC&title=Special:MediaSearch&type=image"
"20","way/240832247","燕园28楼","pku","dorm","-27.668","33.207","17.3","gray-brick","#8b8880","#d6d0bf","#a1a9a1","flat","","dormitory","repeated-bays","estimated","pending-field-check","osm|esri-world-imagery|pku-map|pku-visit|pku-photo|pku-commons","https://www.openstreetmap.org/way/240832247","pku-visit|pku-photo|pku-commons","https://commons.wikimedia.org/w/index.php?search=%E7%87%95%E5%9B%AD28%E6%A5%BC&title=Special:MediaSearch&type=image"
"21","way/240832245","燕园29楼","pku","dorm","-29.085","32.624","17.3","gray-brick","#8b8880","#d6d0bf","#8f9185","flat","","dormitory","repeated-bays","estimated","pending-field-check","osm|esri-world-imagery|pku-map|pku-visit|pku-photo|pku-commons","https://www.openstreetmap.org/way/240832245","pku-visit|pku-photo|pku-commons","https://commons.wikimedia.org/w/index.php?search=%E7%87%95%E5%9B%AD29%E6%A5%BC&title=Special:MediaSearch&type=image"
"22","way/240832246","燕园30楼","pku","dorm","-29.033","33.934","17.3","gray-brick","#8b8880","#d6d0bf","#aeb6b1","flat","","dormitory","repeated-bays","estimated","pending-field-check","osm|esri-world-imagery|pku-map|pku-visit|pku-photo|pku-commons","https://www.openstreetmap.org/way/240832246","pku-visit|pku-photo|pku-commons","https://commons.wikimedia.org/w/index.php?search=%E7%87%95%E5%9B%AD30%E6%A5%BC&title=Special:MediaSearch&type=image"
"23","way/240832244","燕园31楼","pku","dorm","-30.419","33.325","20.7","gray-brick","#8b8880","#d6d0bf","#a6aea6","flat","","dormitory","repeated-bays","osm","verified-osm","osm|esri-world-imagery|pku-map|pku-visit|pku-photo|pku-commons","https://www.openstreetmap.org/way/240832244","pku-visit|pku-photo|pku-commons","https://commons.wikimedia.org/w/index.php?search=%E7%87%95%E5%9B%AD31%E6%A5%BC&title=Special:MediaSearch&type=image"
"24","way/240825544","燕园34A、34B楼","pku","dorm","-27.908","36.752","17.3","gray-brick","#8b8880","#d6d0bf","#757868","flat","","dormitory","repeated-bays","estimated","pending-field-check","osm|esri-world-imagery|pku-map|pku-visit|pku-photo|pku-commons","https://www.openstreetmap.org/way/240825544","pku-visit|pku-photo|pku-commons","https://commons.wikimedia.org/w/index.php?search=%E7%87%95%E5%9B%AD34A%E3%80%8134B%E6%A5%BC&title=Special:MediaSearch&type=image"
"25","way/272361848","元培学院（俄文楼）","pku","capital","-30.383","22.051","20.7","stone","#b1aa98","#d6d0bf","#585c4e","flat","","academic","main-entrance","estimated","pending-field-check","osm|esri-world-imagery|pku-map|pku-visit|pku-photo|pku-commons","https://www.openstreetmap.org/way/272361848","pku-visit|pku-photo|pku-commons","https://commons.wikimedia.org/w/index.php?search=%E5%85%83%E5%9F%B9%E5%AD%A6%E9%99%A2%EF%BC%88%E4%BF%84%E6%96%87%E6%A5%BC%EF%BC%89&title=Special:MediaSearch&type=image"
"26","way/240825545","元培书院宿舍（35楼）","pku","dorm","-29.809","35.019","17.3","gray-brick","#8b8880","#d6d0bf","#949e93","flat","","dormitory","repeated-bays","estimated","pending-field-check","osm|esri-world-imagery|pku-map|pku-visit|pku-photo|pku-commons","https://www.openstreetmap.org/way/240825545","pku-visit|pku-photo|pku-commons","https://commons.wikimedia.org/w/index.php?search=%E5%85%83%E5%9F%B9%E4%B9%A6%E9%99%A2%E5%AE%BF%E8%88%8D%EF%BC%8835%E6%A5%BC%EF%BC%89&title=Special:MediaSearch&type=image"
"27","relation/17308236","北京大学畅春园","pku","dorm","-43.168","20.211","12","gray-brick","#96938a","#d8d0bc","#4f5550","flat","","dormitory","repeated-bays","estimated","pending-field-check","osm|esri-world-imagery|pku-map|pku-visit|pku-photo|pku-commons","https://www.openstreetmap.org/relation/17308236","pku-visit|pku-photo|pku-commons","https://commons.wikimedia.org/w/index.php?search=%E5%8C%97%E4%BA%AC%E5%A4%A7%E5%AD%A6%E7%95%85%E6%98%A5%E5%9B%AD&title=Special:MediaSearch&type=image"
"28","way/628052920","北京大学畅春新园","pku","dorm","-39.963","25.067","12","gray-brick","#96938a","#d8d0bc","#4f5550","flat","","dormitory","repeated-bays","estimated","pending-field-check","osm|esri-world-imagery|pku-map|pku-visit|pku-photo|pku-commons","https://www.openstreetmap.org/way/628052920","pku-visit|pku-photo|pku-commons","https://commons.wikimedia.org/w/index.php?search=%E5%8C%97%E4%BA%AC%E5%A4%A7%E5%AD%A6%E7%95%85%E6%98%A5%E6%96%B0%E5%9B%AD&title=Special:MediaSearch&type=image"
"29","relation/17308235","北京大学蔚秀园","pku","dorm","-42.277","15.054","12","gray-brick","#96938a","#d8d0bc","#4f5550","flat","","dormitory","repeated-bays","estimated","pending-field-check","osm|esri-world-imagery|pku-map|pku-visit|pku-photo|pku-commons","https://www.openstreetmap.org/relation/17308235","pku-visit|pku-photo|pku-commons","https://commons.wikimedia.org/w/index.php?search=%E5%8C%97%E4%BA%AC%E5%A4%A7%E5%AD%A6%E8%94%9A%E7%A7%80%E5%9B%AD&title=Special:MediaSearch&type=image"
"30","relation/17308238","北京大学承泽园","pku","teaching","-51.047","20.216","12","gray-brick","#96938a","#d8d0bc","#4f5550","flat","","academic","main-entrance","estimated","pending-field-check","osm|esri-world-imagery|pku-map|pku-visit|pku-photo|pku-commons","https://www.openstreetmap.org/relation/17308238","pku-visit|pku-photo|pku-commons","https://commons.wikimedia.org/w/index.php?search=%E5%8C%97%E4%BA%AC%E5%A4%A7%E5%AD%A6%E6%89%BF%E6%B3%BD%E5%9B%AD&title=Special:MediaSearch&type=image"
"31","relation/17308248","北京大学中关园","pku","dorm","-14.772","31.743","12","gray-brick","#96938a","#d8d0bc","#4f5550","flat","","dormitory","repeated-bays","estimated","pending-field-check","osm|esri-world-imagery|pku-map|pku-visit|pku-photo|pku-commons","https://www.openstreetmap.org/relation/17308248","pku-visit|pku-photo|pku-commons","https://commons.wikimedia.org/w/index.php?search=%E5%8C%97%E4%BA%AC%E5%A4%A7%E5%AD%A6%E4%B8%AD%E5%85%B3%E5%9B%AD&title=Special:MediaSearch&type=image"
"32","relation/17308243","北京大学燕东园","pku","teaching","-12.876","12.812","12","gray-brick","#96938a","#d8d0bc","#4f5550","flat","","academic","main-entrance","estimated","pending-field-check","osm|esri-world-imagery|pku-map|pku-visit|pku-photo|pku-commons","https://www.openstreetmap.org/relation/17308243","pku-visit|pku-photo|pku-commons","https://commons.wikimedia.org/w/index.php?search=%E5%8C%97%E4%BA%AC%E5%A4%A7%E5%AD%A6%E7%87%95%E4%B8%9C%E5%9B%AD&title=Special:MediaSearch&type=image"
"33","way/893589090","北京大学朗润园","pku","teaching","-24.565","7.509","12","gray-brick","#96938a","#d8d0bc","#4f5550","flat","","academic","main-entrance","estimated","pending-field-check","osm|esri-world-imagery|pku-map|pku-visit|pku-photo|pku-commons","https://www.openstreetmap.org/way/893589090","pku-visit|pku-photo|pku-commons","https://commons.wikimedia.org/w/index.php?search=%E5%8C%97%E4%BA%AC%E5%A4%A7%E5%AD%A6%E6%9C%97%E6%B6%A6%E5%9B%AD&title=Special:MediaSearch&type=image"
"34","way/240832248","北大农园餐厅","pku","dining","-23.605","32.203","12.6","gray-brick","#8b8880","#d6d0bf","#74796d","flat","","dining-hall","entrance-canopy","estimated","pending-field-check","osm|esri-world-imagery|pku-map|pku-visit|pku-photo|pku-commons","https://www.openstreetmap.org/way/240832248","pku-visit|pku-photo|pku-commons","https://commons.wikimedia.org/w/index.php?search=%E5%8C%97%E5%A4%A7%E5%86%9C%E5%9B%AD%E9%A4%90%E5%8E%85&title=Special:MediaSearch&type=image"
"35","way/372945805","北大学一食堂","pku","dining","-32.147","35.327","12.6","gray-brick","#8b8880","#d6d0bf","#616759","flat","","dining-hall","entrance-canopy","estimated","pending-field-check","osm|esri-world-imagery|pku-map|pku-visit|pku-photo|pku-commons","https://www.openstreetmap.org/way/372945805","pku-visit|pku-photo|pku-commons","https://commons.wikimedia.org/w/index.php?search=%E5%8C%97%E5%A4%A7%E5%AD%A6%E4%B8%80%E9%A3%9F%E5%A0%82&title=Special:MediaSearch&type=image"
"36","way/444894329","北大家园食堂","pku","dining","-32.053","33.433","12.6","gray-brick","#8b8880","#d6d0bf","#818374","flat","","dining-hall","entrance-canopy","estimated","pending-field-check","osm|esri-world-imagery|pku-map|pku-visit|pku-photo|pku-commons","https://www.openstreetmap.org/way/444894329","pku-visit|pku-photo|pku-commons","https://commons.wikimedia.org/w/index.php?search=%E5%8C%97%E5%A4%A7%E5%AE%B6%E5%9B%AD%E9%A3%9F%E5%A0%82&title=Special:MediaSearch&type=image"
"37","way/446944417","北大燕南食堂","pku","dining","-27.508","27.981","12.6","gray-brick","#8b8880","#d6d0bf","#868e81","flat","","dining-hall","entrance-canopy","estimated","pending-field-check","osm|esri-world-imagery|pku-map|pku-visit|pku-photo|pku-commons","https://www.openstreetmap.org/way/446944417","pku-visit|pku-photo|pku-commons","https://commons.wikimedia.org/w/index.php?search=%E5%8C%97%E5%A4%A7%E7%87%95%E5%8D%97%E9%A3%9F%E5%A0%82&title=Special:MediaSearch&type=image"
"38","way/445016203","北大勺园食堂","pku","dining","-36.445","25.069","12.6","gray-brick","#8b8880","#d6d0bf","#7a7c6e","flat","","dining-hall","entrance-canopy","estimated","pending-field-check","osm|esri-world-imagery|pku-map|pku-visit|pku-photo|pku-commons","https://www.openstreetmap.org/way/445016203","pku-visit|pku-photo|pku-commons","https://commons.wikimedia.org/w/index.php?search=%E5%8C%97%E5%A4%A7%E5%8B%BA%E5%9B%AD%E9%A3%9F%E5%A0%82&title=Special:MediaSearch&type=image"
"39","node/380418396","清华西门","thu","gate","-17.563","4.708","9","stone","#d7d3c8","#eeeae0","#565c54","flat","","white-arch-gate","three-arches|white-columns","estimated","pending-field-check","osm|esri-world-imagery|thu-map|thu-landscape|thu-planning|thu-gallery|thu-commons","https://www.openstreetmap.org/node/380418396","thu-landscape|thu-gallery|thu-commons","https://commons.wikimedia.org/w/index.php?search=%E6%B8%85%E5%8D%8E%E8%A5%BF%E9%97%A8&title=Special:MediaSearch&type=image"
"40","node/941370305","二校门","thu","gate","-0.401","1.953","8.5","stone","#e3e0d7","#f3f0e7","#d5d1c7","flat","270","white-arch-gate","three-arches|white-columns|inscription","estimated","pending-field-check","osm|esri-world-imagery|thu-map|thu-landscape|thu-planning|thu-gallery|thu-commons","https://www.openstreetmap.org/node/941370305","thu-landscape|thu-gallery|thu-commons","https://commons.wikimedia.org/w/index.php?search=%E4%BA%8C%E6%A0%A1%E9%97%A8&title=Special:MediaSearch&type=image"
"41","way/83805067","清华学堂","thu","teaching","1.819","-1.664","13","gray-brick","#a6a59d","#e4e0d5","#713f32","flat","180","xuetang","inscribed-entrance|arched-windows|classical-portal","estimated","pending-field-check","osm|esri-world-imagery|thu-map|thu-landscape|thu-planning|thu-gallery|thu-commons","https://www.openstreetmap.org/way/83805067","thu-landscape|thu-gallery|thu-commons","https://commons.wikimedia.org/w/index.php?search=%E6%B8%85%E5%8D%8E%E5%AD%A6%E5%A0%82&title=Special:MediaSearch&type=image"
"42","way/33457842","大礼堂","thu","teaching","-0.44","-4.815","30","red-brick","#873f34","#ded8c8","#506b55","flat","180","domed-auditorium","green-dome|white-colonnade|three-arches|grand-stairs","estimated","pending-field-check","osm|esri-world-imagery|thu-map|thu-landscape|thu-planning|thu-gallery|thu-commons|thu-auditorium","https://www.openstreetmap.org/way/33457842","thu-landscape|thu-gallery|thu-commons","https://commons.wikimedia.org/w/index.php?search=%E5%A4%A7%E7%A4%BC%E5%A0%82&title=Special:MediaSearch&type=image"
"43","relation/20779765","老图书馆","thu","teaching","0.321","-7.407","17","red-brick","#814438","#d9d1bf","#514a42","flat","180","historic-library","library-wings|arched-windows|stone-bands","estimated","pending-field-check","osm|esri-world-imagery|thu-map|thu-landscape|thu-planning|thu-gallery|thu-commons","https://www.openstreetmap.org/relation/20779765","thu-landscape|thu-gallery|thu-commons","https://commons.wikimedia.org/w/index.php?search=%E8%80%81%E5%9B%BE%E4%B9%A6%E9%A6%86&title=Special:MediaSearch&type=image"
"44","way/79701310","科学馆","thu","teaching","-1.446","-2.632","17","red-brick","#87483b","#ded7c7","#5d5147","flat","180","historic-science","classical-portal|symmetrical-wings","estimated","pending-field-check","osm|esri-world-imagery|thu-map|thu-landscape|thu-planning|thu-gallery|thu-commons","https://www.openstreetmap.org/way/79701310","thu-landscape|thu-gallery|thu-commons","https://commons.wikimedia.org/w/index.php?search=%E7%A7%91%E5%AD%A6%E9%A6%86&title=Special:MediaSearch&type=image"
"45","way/79699845","主楼","thu","teaching","15.036","-0.455","40","stone","#b8ae99","#ddd4bf","#66584b","flat","270","central-main","central-tower|four-skybridges|classical-portal","osm","verified-osm","osm|esri-world-imagery|thu-map|thu-landscape|thu-planning|thu-gallery|thu-commons|thu-main","https://www.openstreetmap.org/way/79699845","thu-landscape|thu-gallery|thu-commons","https://commons.wikimedia.org/w/index.php?search=%E4%B8%BB%E6%A5%BC&title=Special:MediaSearch&type=image"
"46","way/79701106","六教","thu","teaching","10.174","-2.616","13.8","red-brick","#8b5a49","#d2c5ab","#727867","flat","","academic","main-entrance","estimated","pending-field-check","osm|esri-world-imagery|thu-map|thu-landscape|thu-planning|thu-gallery|thu-commons","https://www.openstreetmap.org/way/79701106","thu-landscape|thu-gallery|thu-commons","https://commons.wikimedia.org/w/index.php?search=%E5%85%AD%E6%95%99&title=Special:MediaSearch&type=image"
"47","way/158112141","新清华学堂","thu","teaching","9.368","0.395","28","red-brick","#9a5948","#c9aa87","#51453d","flat","","modern-auditorium","layered-terraces|grand-stairs|colonnade","estimated","pending-field-check","osm|esri-world-imagery|thu-map|thu-landscape|thu-planning|thu-gallery|thu-commons","https://www.openstreetmap.org/way/158112141","thu-landscape|thu-gallery|thu-commons","https://commons.wikimedia.org/w/index.php?search=%E6%96%B0%E6%B8%85%E5%8D%8E%E5%AD%A6%E5%A0%82&title=Special:MediaSearch&type=image"
"48","way/451335313","艺术博物馆","thu","teaching","20.996","-0.204","24","stone","#a98665","#d1b898","#584b40","flat","","museum","bronze-screen|sunken-entry|courtyard","estimated","pending-field-check","osm|esri-world-imagery|thu-map|thu-landscape|thu-planning|thu-gallery|thu-commons","https://www.openstreetmap.org/way/451335313","thu-landscape|thu-gallery|thu-commons","https://commons.wikimedia.org/w/index.php?search=%E8%89%BA%E6%9C%AF%E5%8D%9A%E7%89%A9%E9%A6%86&title=Special:MediaSearch&type=image"
"49","way/83799756","综合体育馆","thu","teaching","14.876","-6.444","13.8","red-brick","#8b5a49","#d2c5ab","#91917d","flat","","academic","main-entrance","estimated","pending-field-check","osm|esri-world-imagery|thu-map|thu-landscape|thu-planning|thu-gallery|thu-commons","https://www.openstreetmap.org/way/83799756","thu-landscape|thu-gallery|thu-commons","https://commons.wikimedia.org/w/index.php?search=%E7%BB%BC%E5%90%88%E4%BD%93%E8%82%B2%E9%A6%86&title=Special:MediaSearch&type=image"
"50","way/80716519","校医院","thu","teaching","-12.243","-2.55","13.8","red-brick","#8b5a49","#d2c5ab","#656a5a","flat","","academic","main-entrance","estimated","pending-field-check","osm|esri-world-imagery|thu-map|thu-landscape|thu-planning|thu-gallery|thu-commons","https://www.openstreetmap.org/way/80716519","thu-landscape|thu-gallery|thu-commons","https://commons.wikimedia.org/w/index.php?search=%E6%A0%A1%E5%8C%BB%E9%99%A2&title=Special:MediaSearch&type=image"
"51","way/79696972","紫荆1号楼","thu","dorm","3.1","-19.975","24.2","red-brick","#8b5a49","#d2c5ab","#606961","flat","","dormitory","repeated-bays","osm","verified-osm","osm|esri-world-imagery|thu-map|thu-landscape|thu-planning|thu-gallery|thu-commons","https://www.openstreetmap.org/way/79696972","thu-landscape|thu-gallery|thu-commons","https://commons.wikimedia.org/w/index.php?search=%E7%B4%AB%E8%8D%861%E5%8F%B7%E6%A5%BC&title=Special:MediaSearch&type=image"
"52","way/79696973","紫荆2号楼","thu","dorm","2.694","-20.907","24.2","red-brick","#8b5a49","#d2c5ab","#4a5751","flat","","dormitory","repeated-bays","osm","verified-osm","osm|esri-world-imagery|thu-map|thu-landscape|thu-planning|thu-gallery|thu-commons","https://www.openstreetmap.org/way/79696973","thu-landscape|thu-gallery|thu-commons","https://commons.wikimedia.org/w/index.php?search=%E7%B4%AB%E8%8D%862%E5%8F%B7%E6%A5%BC&title=Special:MediaSearch&type=image"
"53","way/79696974","紫荆3号楼","thu","dorm","2.073","-21.459","24.2","red-brick","#8b5a49","#d2c5ab","#525a52","flat","","dormitory","repeated-bays","osm","verified-osm","osm|esri-world-imagery|thu-map|thu-landscape|thu-planning|thu-gallery|thu-commons","https://www.openstreetmap.org/way/79696974","thu-landscape|thu-gallery|thu-commons","https://commons.wikimedia.org/w/index.php?search=%E7%B4%AB%E8%8D%863%E5%8F%B7%E6%A5%BC&title=Special:MediaSearch&type=image"
"54","way/79696966","紫荆6号楼","thu","dorm","5.069","-23.952","24.2","red-brick","#8b5a49","#d2c5ab","#6d4739","flat","","dormitory","repeated-bays","osm","verified-osm","osm|esri-world-imagery|thu-map|thu-landscape|thu-planning|thu-gallery|thu-commons","https://www.openstreetmap.org/way/79696966","thu-landscape|thu-gallery|thu-commons","https://commons.wikimedia.org/w/index.php?search=%E7%B4%AB%E8%8D%866%E5%8F%B7%E6%A5%BC&title=Special:MediaSearch&type=image"
"55","way/79696955","紫荆9号楼","thu","dorm","9.398","-24.132","24.2","red-brick","#8b5a49","#d2c5ab","#898f85","flat","","dormitory","repeated-bays","osm","verified-osm","osm|esri-world-imagery|thu-map|thu-landscape|thu-planning|thu-gallery|thu-commons","https://www.openstreetmap.org/way/79696955","thu-landscape|thu-gallery|thu-commons","https://commons.wikimedia.org/w/index.php?search=%E7%B4%AB%E8%8D%869%E5%8F%B7%E6%A5%BC&title=Special:MediaSearch&type=image"
"56","way/1551980200","求真书院","thu","target","-15.693","-3.734","12","red-brick","#8a5144","#d8d0bc","#624b40","flat","","academic","main-entrance","estimated","pending-field-check","osm|esri-world-imagery|thu-map|thu-landscape|thu-planning|thu-gallery|thu-commons","https://www.openstreetmap.org/way/1551980200","thu-landscape|thu-gallery|thu-commons","https://commons.wikimedia.org/w/index.php?search=%E6%B1%82%E7%9C%9F%E4%B9%A6%E9%99%A2&title=Special:MediaSearch&type=image"
"57","node/529544520","清华南门","thu","gate","8.025","17.747","10","stone","#b8b1a3","#ded8ca","#5e554b","flat","","white-arch-gate","three-arches|gatehouse","estimated","pending-field-check","osm|esri-world-imagery|thu-map|thu-landscape|thu-planning|thu-gallery|thu-commons","https://www.openstreetmap.org/node/529544520","thu-landscape|thu-gallery|thu-commons","https://commons.wikimedia.org/w/index.php?search=%E6%B8%85%E5%8D%8E%E5%8D%97%E9%97%A8&title=Special:MediaSearch&type=image"
"58","node/1363454895","清华东南门","thu","gate","15.239","13.147","10","stone","#b8b1a3","#ded8ca","#5e554b","flat","","white-arch-gate","three-arches|gatehouse","estimated","pending-field-check","osm|esri-world-imagery|thu-map|thu-landscape|thu-planning|thu-gallery|thu-commons","https://www.openstreetmap.org/node/1363454895","thu-landscape|thu-gallery|thu-commons","https://commons.wikimedia.org/w/index.php?search=%E6%B8%85%E5%8D%8E%E4%B8%9C%E5%8D%97%E9%97%A8&title=Special:MediaSearch&type=image"
"59","way/226684173","清华荷清苑","thu","dorm","-1.805","-25.669","12","red-brick","#8a5144","#d8d0bc","#624b40","flat","","dormitory","repeated-bays","estimated","pending-field-check","osm|esri-world-imagery|thu-map|thu-landscape|thu-planning|thu-gallery|thu-commons","https://www.openstreetmap.org/way/226684173","thu-landscape|thu-gallery|thu-commons","https://commons.wikimedia.org/w/index.php?search=%E6%B8%85%E5%8D%8E%E8%8D%B7%E6%B8%85%E8%8B%91&title=Special:MediaSearch&type=image"
"60","node/10707011274","清华双清园","thu","dorm","30.079","-23.001","12","red-brick","#8a5144","#d8d0bc","#624b40","flat","","dormitory","repeated-bays","estimated","pending-field-check","osm|esri-world-imagery|thu-map|thu-landscape|thu-planning|thu-gallery|thu-commons","https://www.openstreetmap.org/node/10707011274","thu-landscape|thu-gallery|thu-commons","https://commons.wikimedia.org/w/index.php?search=%E6%B8%85%E5%8D%8E%E5%8F%8C%E6%B8%85%E5%9B%AD&title=Special:MediaSearch&type=image"
"61","way/79696970","清华紫荆园餐厅","thu","dining","7.62","-24.819","12.6","gray-brick","#8b8880","#d6d0bf","#74796c","flat","","dining-hall","entrance-canopy","estimated","pending-field-check","osm|esri-world-imagery|thu-map|thu-landscape|thu-planning|thu-gallery|thu-commons","https://www.openstreetmap.org/way/79696970","thu-landscape|thu-gallery|thu-commons","https://commons.wikimedia.org/w/index.php?search=%E6%B8%85%E5%8D%8E%E7%B4%AB%E8%8D%86%E5%9B%AD%E9%A4%90%E5%8E%85&title=Special:MediaSearch&type=image"
"62","way/79696971","清华桃李园餐厅","thu","dining","2.635","-22.906","12.6","gray-brick","#8b8880","#d6d0bf","#81826e","flat","","dining-hall","entrance-canopy","estimated","pending-field-check","osm|esri-world-imagery|thu-map|thu-landscape|thu-planning|thu-gallery|thu-commons","https://www.openstreetmap.org/way/79696971","thu-landscape|thu-gallery|thu-commons","https://commons.wikimedia.org/w/index.php?search=%E6%B8%85%E5%8D%8E%E6%A1%83%E6%9D%8E%E5%9B%AD%E9%A4%90%E5%8E%85&title=Special:MediaSearch&type=image"
"63","way/544328791","清华清芬园餐厅","thu","dining","6.796","-10.143","12.6","gray-brick","#8b8880","#d6d0bf","#6a6d5f","flat","","dining-hall","entrance-canopy","estimated","pending-field-check","osm|esri-world-imagery|thu-map|thu-landscape|thu-planning|thu-gallery|thu-commons","https://www.openstreetmap.org/way/544328791","thu-landscape|thu-gallery|thu-commons","https://commons.wikimedia.org/w/index.php?search=%E6%B8%85%E5%8D%8E%E6%B8%85%E8%8A%AC%E5%9B%AD%E9%A4%90%E5%8E%85&title=Special:MediaSearch&type=image"
"64","way/33432033","清华观畴园餐厅","thu","dining","-4.5","-12.622","12.6","gray-brick","#8b8880","#d6d0bf","#6b6d5a","flat","","dining-hall","entrance-canopy","estimated","pending-field-check","osm|esri-world-imagery|thu-map|thu-landscape|thu-planning|thu-gallery|thu-commons","https://www.openstreetmap.org/way/33432033","thu-landscape|thu-gallery|thu-commons","https://commons.wikimedia.org/w/index.php?search=%E6%B8%85%E5%8D%8E%E8%A7%82%E7%95%B4%E5%9B%AD%E9%A4%90%E5%8E%85&title=Special:MediaSearch&type=image"
"65","way/80342046","清华听涛园餐厅","thu","dining","4.402","-11.834","12.6","gray-brick","#8b8880","#d6d0bf","#6d6b58","flat","","dining-hall","entrance-canopy","estimated","pending-field-check","osm|esri-world-imagery|thu-map|thu-landscape|thu-planning|thu-gallery|thu-commons","https://www.openstreetmap.org/way/80342046","thu-landscape|thu-gallery|thu-commons","https://commons.wikimedia.org/w/index.php?search=%E6%B8%85%E5%8D%8E%E5%90%AC%E6%B6%9B%E5%9B%AD%E9%A4%90%E5%8E%85&title=Special:MediaSearch&type=image"
"66","way/240825542","燕园40、41、42楼","pku","dorm","-33.274","36.968","17.3","gray-brick","#8b8880","#d6d0bf","#9d9a85","flat","","dormitory","repeated-bays","estimated","pending-field-check","osm|esri-world-imagery|pku-map|pku-visit|pku-photo|pku-commons","https://www.openstreetmap.org/way/240825542","pku-visit|pku-photo|pku-commons","https://commons.wikimedia.org/w/index.php?search=%E7%87%95%E5%9B%AD40%E3%80%8141%E3%80%8142%E6%A5%BC&title=Special:MediaSearch&type=image"
"67","way/240825551","燕园44楼","pku","dorm","-33.889","34.249","17.3","gray-brick","#8b8880","#d6d0bf","#a7a290","flat","","dormitory","repeated-bays","estimated","pending-field-check","osm|esri-world-imagery|pku-map|pku-visit|pku-photo|pku-commons","https://www.openstreetmap.org/way/240825551","pku-visit|pku-photo|pku-commons","https://commons.wikimedia.org/w/index.php?search=%E7%87%95%E5%9B%AD44%E6%A5%BC&title=Special:MediaSearch&type=image"
"68","way/444894330","燕园43楼","pku","dorm","-33.953","35.463","17.3","gray-brick","#8b8880","#d6d0bf","#b3ad97","flat","","dormitory","repeated-bays","estimated","pending-field-check","osm|esri-world-imagery|pku-map|pku-visit|pku-photo|pku-commons","https://www.openstreetmap.org/way/444894330","pku-visit|pku-photo|pku-commons","https://commons.wikimedia.org/w/index.php?search=%E7%87%95%E5%9B%AD43%E6%A5%BC&title=Special:MediaSearch&type=image"
"69","way/986745070","燕园47楼","pku","dorm","-35.552","33.433","17.3","gray-brick","#8b8880","#d6d0bf","#60675a","flat","","dormitory","repeated-bays","estimated","pending-field-check","osm|esri-world-imagery|pku-map|pku-visit|pku-photo|pku-commons","https://www.openstreetmap.org/way/986745070","pku-visit|pku-photo|pku-commons","https://commons.wikimedia.org/w/index.php?search=%E7%87%95%E5%9B%AD47%E6%A5%BC&title=Special:MediaSearch&type=image"
"70","way/986745071","燕园48楼","pku","dorm","-35.501","34.349","17.3","gray-brick","#8b8880","#d6d0bf","#666c5d","flat","","dormitory","repeated-bays","estimated","pending-field-check","osm|esri-world-imagery|pku-map|pku-visit|pku-photo|pku-commons","https://www.openstreetmap.org/way/986745071","pku-visit|pku-photo|pku-commons","https://commons.wikimedia.org/w/index.php?search=%E7%87%95%E5%9B%AD48%E6%A5%BC&title=Special:MediaSearch&type=image"
"71","way/240825539","燕园38、39楼","pku","dorm","-31.408","36.901","17.3","gray-brick","#8b8880","#d6d0bf","#9f9a86","flat","","dormitory","repeated-bays","estimated","pending-field-check","osm|esri-world-imagery|pku-map|pku-visit|pku-photo|pku-commons","https://www.openstreetmap.org/way/240825539","pku-visit|pku-photo|pku-commons","https://commons.wikimedia.org/w/index.php?search=%E7%87%95%E5%9B%AD38%E3%80%8139%E6%A5%BC&title=Special:MediaSearch&type=image"
"72","way/240825543","燕园36、37楼","pku","dorm","-29.638","36.858","17.3","gray-brick","#8b8880","#d6d0bf","#a9a68d","flat","","dormitory","repeated-bays","estimated","pending-field-check","osm|esri-world-imagery|pku-map|pku-visit|pku-photo|pku-commons","https://www.openstreetmap.org/way/240825543","pku-visit|pku-photo|pku-commons","https://commons.wikimedia.org/w/index.php?search=%E7%87%95%E5%9B%AD36%E3%80%8137%E6%A5%BC&title=Special:MediaSearch&type=image"
"73","way/240825546","燕园32楼","pku","dorm","-27.985","34.956","17.3","gray-brick","#8b8880","#d6d0bf","#969d92","flat","","dormitory","repeated-bays","estimated","pending-field-check","osm|esri-world-imagery|pku-map|pku-visit|pku-photo|pku-commons","https://www.openstreetmap.org/way/240825546","pku-visit|pku-photo|pku-commons","https://commons.wikimedia.org/w/index.php?search=%E7%87%95%E5%9B%AD32%E6%A5%BC&title=Special:MediaSearch&type=image"
"74","way/240832229","燕园勺园4号楼","pku","dorm","-36.72","26.302","17.3","gray-brick","#8b8880","#d6d0bf","#6f7977","flat","","dormitory","repeated-bays","estimated","pending-field-check","osm|esri-world-imagery|pku-map|pku-visit|pku-photo|pku-commons","https://www.openstreetmap.org/way/240832229","pku-visit|pku-photo|pku-commons","https://commons.wikimedia.org/w/index.php?search=%E7%87%95%E5%9B%AD%E5%8B%BA%E5%9B%AD4%E5%8F%B7%E6%A5%BC&title=Special:MediaSearch&type=image"
"75","way/240832231","燕园勺园5号楼","pku","dorm","-36.759","23.921","17.3","gray-brick","#8b8880","#d6d0bf","#667264","flat","","dormitory","repeated-bays","estimated","pending-field-check","osm|esri-world-imagery|pku-map|pku-visit|pku-photo|pku-commons","https://www.openstreetmap.org/way/240832231","pku-visit|pku-photo|pku-commons","https://commons.wikimedia.org/w/index.php?search=%E7%87%95%E5%9B%AD%E5%8B%BA%E5%9B%AD5%E5%8F%B7%E6%A5%BC&title=Special:MediaSearch&type=image"
"76","way/240832236","燕园勺园6号楼","pku","dorm","-35.691","27.007","17.3","gray-brick","#8b8880","#d6d0bf","#85877f","flat","","dormitory","repeated-bays","estimated","pending-field-check","osm|esri-world-imagery|pku-map|pku-visit|pku-photo|pku-commons","https://www.openstreetmap.org/way/240832236","pku-visit|pku-photo|pku-commons","https://commons.wikimedia.org/w/index.php?search=%E7%87%95%E5%9B%AD%E5%8B%BA%E5%9B%AD6%E5%8F%B7%E6%A5%BC&title=Special:MediaSearch&type=image"
"77","way/240832237","燕园勺园7号楼","pku","dorm","-35.326","28.281","17.3","gray-brick","#8b8880","#d6d0bf","#999a85","flat","","dormitory","repeated-bays","estimated","pending-field-check","osm|esri-world-imagery|pku-map|pku-visit|pku-photo|pku-commons","https://www.openstreetmap.org/way/240832237","pku-visit|pku-photo|pku-commons","https://commons.wikimedia.org/w/index.php?search=%E7%87%95%E5%9B%AD%E5%8B%BA%E5%9B%AD7%E5%8F%B7%E6%A5%BC&title=Special:MediaSearch&type=image"
"78","way/240832238","燕园勺园8号楼","pku","dorm","-36.329","27.737","17.3","gray-brick","#8b8880","#d6d0bf","#a7a390","flat","","dormitory","repeated-bays","estimated","pending-field-check","osm|esri-world-imagery|pku-map|pku-visit|pku-photo|pku-commons","https://www.openstreetmap.org/way/240832238","pku-visit|pku-photo|pku-commons","https://commons.wikimedia.org/w/index.php?search=%E7%87%95%E5%9B%AD%E5%8B%BA%E5%9B%AD8%E5%8F%B7%E6%A5%BC&title=Special:MediaSearch&type=image"
"79","way/240832239","燕园勺园9号楼","pku","dorm","-36.437","28.983","17.3","gray-brick","#8b8880","#d6d0bf","#757665","flat","","dormitory","repeated-bays","estimated","pending-field-check","osm|esri-world-imagery|pku-map|pku-visit|pku-photo|pku-commons","https://www.openstreetmap.org/way/240832239","pku-visit|pku-photo|pku-commons","https://commons.wikimedia.org/w/index.php?search=%E7%87%95%E5%9B%AD%E5%8B%BA%E5%9B%AD9%E5%8F%B7%E6%A5%BC&title=Special:MediaSearch&type=image"
"80","way/272303341","燕园45楼","pku","dorm","-35.704","31.444","17.3","gray-brick","#8b8880","#d6d0bf","#5e6657","flat","","dormitory","repeated-bays","estimated","pending-field-check","osm|esri-world-imagery|pku-map|pku-visit|pku-photo|pku-commons","https://www.openstreetmap.org/way/272303341","pku-visit|pku-photo|pku-commons","https://commons.wikimedia.org/w/index.php?search=%E7%87%95%E5%9B%AD45%E6%A5%BC&title=Special:MediaSearch&type=image"
"81","way/445016205","燕园勺园1号楼","pku","dorm","-35.495","25.85","17.3","gray-brick","#8b8880","#d6d0bf","#8a9ca0","flat","","dormitory","repeated-bays","estimated","pending-field-check","osm|esri-world-imagery|pku-map|pku-visit|pku-photo|pku-commons","https://www.openstreetmap.org/way/445016205","pku-visit|pku-photo|pku-commons","https://commons.wikimedia.org/w/index.php?search=%E7%87%95%E5%9B%AD%E5%8B%BA%E5%9B%AD1%E5%8F%B7%E6%A5%BC&title=Special:MediaSearch&type=image"
"82","way/445016206","燕园勺园3号楼","pku","dorm","-35.572","24.168","17.3","gray-brick","#8b8880","#d6d0bf","#87989b","flat","","dormitory","repeated-bays","estimated","pending-field-check","osm|esri-world-imagery|pku-map|pku-visit|pku-photo|pku-commons","https://www.openstreetmap.org/way/445016206","pku-visit|pku-photo|pku-commons","https://commons.wikimedia.org/w/index.php?search=%E7%87%95%E5%9B%AD%E5%8B%BA%E5%9B%AD3%E5%8F%B7%E6%A5%BC&title=Special:MediaSearch&type=image"
"83","way/986745069","燕园46楼","pku","dorm","-35.669","32.364","17.3","gray-brick","#8b8880","#d6d0bf","#626859","flat","","dormitory","repeated-bays","estimated","pending-field-check","osm|esri-world-imagery|pku-map|pku-visit|pku-photo|pku-commons","https://www.openstreetmap.org/way/986745069","pku-visit|pku-photo|pku-commons","https://commons.wikimedia.org/w/index.php?search=%E7%87%95%E5%9B%AD46%E6%A5%BC&title=Special:MediaSearch&type=image"
"84","relation/12815350","燕园21楼","pku","dorm","-25.878","35.154","17.3","gray-brick","#8b8880","#d6d0bf","#817d66","flat","","dormitory","repeated-bays","estimated","pending-field-check","osm|esri-world-imagery|pku-map|pku-visit|pku-photo|pku-commons","https://www.openstreetmap.org/relation/12815350","pku-visit|pku-photo|pku-commons","https://commons.wikimedia.org/w/index.php?search=%E7%87%95%E5%9B%AD21%E6%A5%BC&title=Special:MediaSearch&type=image"
"85","relation/12815351","燕园19楼","pku","dorm","-25.928","33.786","17.3","gray-brick","#8b8880","#d6d0bf","#a5a18d","flat","","dormitory","repeated-bays","estimated","pending-field-check","osm|esri-world-imagery|pku-map|pku-visit|pku-photo|pku-commons","https://www.openstreetmap.org/relation/12815351","pku-visit|pku-photo|pku-commons","https://commons.wikimedia.org/w/index.php?search=%E7%87%95%E5%9B%AD19%E6%A5%BC&title=Special:MediaSearch&type=image"
"86","relation/12815352","燕园22楼","pku","dorm","-25.779","36.16","17.3","gray-brick","#8b8880","#d6d0bf","#a19c89","flat","","dormitory","repeated-bays","estimated","pending-field-check","osm|esri-world-imagery|pku-map|pku-visit|pku-photo|pku-commons","https://www.openstreetmap.org/relation/12815352","pku-visit|pku-photo|pku-commons","https://commons.wikimedia.org/w/index.php?search=%E7%87%95%E5%9B%AD22%E6%A5%BC&title=Special:MediaSearch&type=image"
"87","relation/12815353","燕园24楼","pku","dorm","-25.718","37.432","17.3","gray-brick","#8b8880","#d6d0bf","#585842","flat","","dormitory","repeated-bays","estimated","pending-field-check","osm|esri-world-imagery|pku-map|pku-visit|pku-photo|pku-commons","https://www.openstreetmap.org/relation/12815353","pku-visit|pku-photo|pku-commons","https://commons.wikimedia.org/w/index.php?search=%E7%87%95%E5%9B%AD24%E6%A5%BC&title=Special:MediaSearch&type=image"
"88","relation/12815354","燕园20楼","pku","dorm","-26.49","34.509","17.3","gray-brick","#8b8880","#d6d0bf","#5f5e48","flat","","dormitory","repeated-bays","estimated","pending-field-check","osm|esri-world-imagery|pku-map|pku-visit|pku-photo|pku-commons","https://www.openstreetmap.org/relation/12815354","pku-visit|pku-photo|pku-commons","https://commons.wikimedia.org/w/index.php?search=%E7%87%95%E5%9B%AD20%E6%A5%BC&title=Special:MediaSearch&type=image"
"89","relation/12815355","燕园23楼","pku","dorm","-26.402","36.839","17.3","gray-brick","#8b8880","#d6d0bf","#5b5c4c","flat","","dormitory","repeated-bays","estimated","pending-field-check","osm|esri-world-imagery|pku-map|pku-visit|pku-photo|pku-commons","https://www.openstreetmap.org/relation/12815355","pku-visit|pku-photo|pku-commons","https://commons.wikimedia.org/w/index.php?search=%E7%87%95%E5%9B%AD23%E6%A5%BC&title=Special:MediaSearch&type=image"
"90","relation/10327870","李兆基科技大楼","thu","teaching","9.814","12.202","42","glass","#718d99","#aeb9b6","#47545a","flat","","twin-towers","modern-towers|podium|glass-curtain-wall","estimated","pending-field-check","osm|esri-world-imagery|thu-map|thu-landscape|thu-planning|thu-gallery|thu-commons","https://www.openstreetmap.org/relation/10327870","thu-landscape|thu-gallery|thu-commons","https://commons.wikimedia.org/w/index.php?search=%E6%9D%8E%E5%85%86%E5%9F%BA%E7%A7%91%E6%8A%80%E5%A4%A7%E6%A5%BC&title=Special:MediaSearch&type=image"
"91","relation/19719020","美术学院大楼","thu","teaching","20.975","5.324","20.7","red-brick","#8b5a49","#d2c5ab","#5c675d","flat","","academic","main-entrance","estimated","pending-field-check","osm|esri-world-imagery|thu-map|thu-landscape|thu-planning|thu-gallery|thu-commons","https://www.openstreetmap.org/relation/19719020","thu-landscape|thu-gallery|thu-commons","https://commons.wikimedia.org/w/index.php?search=%E7%BE%8E%E6%9C%AF%E5%AD%A6%E9%99%A2%E5%A4%A7%E6%A5%BC&title=Special:MediaSearch&type=image"
"92","relation/20710857","理科楼","thu","teaching","-9.697","-8.458","13.8","red-brick","#8b5a49","#d2c5ab","#737660","flat","","academic","main-entrance","estimated","pending-field-check","osm|esri-world-imagery|thu-map|thu-landscape|thu-planning|thu-gallery|thu-commons","https://www.openstreetmap.org/relation/20710857","thu-landscape|thu-gallery|thu-commons","https://commons.wikimedia.org/w/index.php?search=%E7%90%86%E7%A7%91%E6%A5%BC&title=Special:MediaSearch&type=image"
"93","relation/20823205","清华大学物理楼","thu","teaching","-5.498","-15.519","13.8","red-brick","#8b5a49","#d2c5ab","#807e6d","flat","","academic","main-entrance","osm","verified-osm","osm|esri-world-imagery|thu-map|thu-landscape|thu-planning|thu-gallery|thu-commons","https://www.openstreetmap.org/relation/20823205","thu-landscape|thu-gallery|thu-commons","https://commons.wikimedia.org/w/index.php?search=%E6%B8%85%E5%8D%8E%E5%A4%A7%E5%AD%A6%E7%89%A9%E7%90%86%E6%A5%BC&title=Special:MediaSearch&type=image"
"94","way/79696957","紫荆学生公寓11号楼","thu","dorm","11.942","-23.206","24.2","red-brick","#8b5a49","#d2c5ab","#a6a795","flat","","dormitory","repeated-bays","osm","verified-osm","osm|esri-world-imagery|thu-map|thu-landscape|thu-planning|thu-gallery|thu-commons","https://www.openstreetmap.org/way/79696957","thu-landscape|thu-gallery|thu-commons","https://commons.wikimedia.org/w/index.php?search=%E7%B4%AB%E8%8D%86%E5%AD%A6%E7%94%9F%E5%85%AC%E5%AF%9311%E5%8F%B7%E6%A5%BC&title=Special:MediaSearch&type=image"
"95","way/79696958","紫荆学生公寓12号楼","thu","dorm","11.538","-24.232","24.2","red-brick","#8b5a49","#d2c5ab","#a3a79a","flat","","dormitory","repeated-bays","osm","verified-osm","osm|esri-world-imagery|thu-map|thu-landscape|thu-planning|thu-gallery|thu-commons","https://www.openstreetmap.org/way/79696958","thu-landscape|thu-gallery|thu-commons","https://commons.wikimedia.org/w/index.php?search=%E7%B4%AB%E8%8D%86%E5%AD%A6%E7%94%9F%E5%85%AC%E5%AF%9312%E5%8F%B7%E6%A5%BC&title=Special:MediaSearch&type=image"
"96","way/79696959","紫荆学生公寓13号楼","thu","dorm","11.122","-25.197","24.2","red-brick","#8b5a49","#d2c5ab","#939485","flat","","dormitory","repeated-bays","osm","verified-osm","osm|esri-world-imagery|thu-map|thu-landscape|thu-planning|thu-gallery|thu-commons","https://www.openstreetmap.org/way/79696959","thu-landscape|thu-gallery|thu-commons","https://commons.wikimedia.org/w/index.php?search=%E7%B4%AB%E8%8D%86%E5%AD%A6%E7%94%9F%E5%85%AC%E5%AF%9313%E5%8F%B7%E6%A5%BC&title=Special:MediaSearch&type=image"
"97","way/79696964","紫荆学生公寓4号楼","thu","dorm","6.21","-22.162","24.2","red-brick","#8b5a49","#d2c5ab","#66473c","flat","","dormitory","repeated-bays","osm","verified-osm","osm|esri-world-imagery|thu-map|thu-landscape|thu-planning|thu-gallery|thu-commons","https://www.openstreetmap.org/way/79696964","thu-landscape|thu-gallery|thu-commons","https://commons.wikimedia.org/w/index.php?search=%E7%B4%AB%E8%8D%86%E5%AD%A6%E7%94%9F%E5%85%AC%E5%AF%934%E5%8F%B7%E6%A5%BC&title=Special:MediaSearch&type=image"
"98","way/79696965","紫荆学生公寓5号楼","thu","dorm","5.476","-22.913","24.2","red-brick","#8b5a49","#d2c5ab","#6a4a3f","flat","","dormitory","repeated-bays","osm","verified-osm","osm|esri-world-imagery|thu-map|thu-landscape|thu-planning|thu-gallery|thu-commons","https://www.openstreetmap.org/way/79696965","thu-landscape|thu-gallery|thu-commons","https://commons.wikimedia.org/w/index.php?search=%E7%B4%AB%E8%8D%86%E5%AD%A6%E7%94%9F%E5%85%AC%E5%AF%935%E5%8F%B7%E6%A5%BC&title=Special:MediaSearch&type=image"
"99","way/79696968","紫荆学生公寓7号楼","thu","dorm","3.88","-24.411","24.2","red-brick","#8b5a49","#d2c5ab","#673a32","flat","","dormitory","repeated-bays","osm","verified-osm","osm|esri-world-imagery|thu-map|thu-landscape|thu-planning|thu-gallery|thu-commons","https://www.openstreetmap.org/way/79696968","thu-landscape|thu-gallery|thu-commons","https://commons.wikimedia.org/w/index.php?search=%E7%B4%AB%E8%8D%86%E5%AD%A6%E7%94%9F%E5%85%AC%E5%AF%937%E5%8F%B7%E6%A5%BC&title=Special:MediaSearch&type=image"
"100","way/79696969","紫荆学生公寓8号楼","thu","dorm","9.146","-23.096","24.2","red-brick","#8b5a49","#d2c5ab","#828c81","flat","","dormitory","repeated-bays","osm","verified-osm","osm|esri-world-imagery|thu-map|thu-landscape|thu-planning|thu-gallery|thu-commons","https://www.openstreetmap.org/way/79696969","thu-landscape|thu-gallery|thu-commons","https://commons.wikimedia.org/w/index.php?search=%E7%B4%AB%E8%8D%86%E5%AD%A6%E7%94%9F%E5%85%AC%E5%AF%938%E5%8F%B7%E6%A5%BC&title=Special:MediaSearch&type=image"
"101","way/79698948","紫荆学生公寓19号楼","thu","dorm","14.598","-24.081","38","red-brick","#8b5a49","#d2c5ab","#77745e","flat","","dormitory","repeated-bays","osm","verified-osm","osm|esri-world-imagery|thu-map|thu-landscape|thu-planning|thu-gallery|thu-commons","https://www.openstreetmap.org/way/79698948","thu-landscape|thu-gallery|thu-commons","https://commons.wikimedia.org/w/index.php?search=%E7%B4%AB%E8%8D%86%E5%AD%A6%E7%94%9F%E5%85%AC%E5%AF%9319%E5%8F%B7%E6%A5%BC&title=Special:MediaSearch&type=image"
"102","way/79698950","紫荆学生公寓20号楼","thu","dorm","15.671","-22.896","38","red-brick","#8b5a49","#d2c5ab","#929889","flat","","dormitory","repeated-bays","osm","verified-osm","osm|esri-world-imagery|thu-map|thu-landscape|thu-planning|thu-gallery|thu-commons","https://www.openstreetmap.org/way/79698950","thu-landscape|thu-gallery|thu-commons","https://commons.wikimedia.org/w/index.php?search=%E7%B4%AB%E8%8D%86%E5%AD%A6%E7%94%9F%E5%85%AC%E5%AF%9320%E5%8F%B7%E6%A5%BC&title=Special:MediaSearch&type=image"
"103","way/79698952","紫荆学生公寓21号楼","thu","dorm","16.696","-21.716","38","red-brick","#8b5a49","#d2c5ab","#58604c","flat","","dormitory","repeated-bays","osm","verified-osm","osm|esri-world-imagery|thu-map|thu-landscape|thu-planning|thu-gallery|thu-commons","https://www.openstreetmap.org/way/79698952","thu-landscape|thu-gallery|thu-commons","https://commons.wikimedia.org/w/index.php?search=%E7%B4%AB%E8%8D%86%E5%AD%A6%E7%94%9F%E5%85%AC%E5%AF%9321%E5%8F%B7%E6%A5%BC&title=Special:MediaSearch&type=image"
"104","way/79698956","紫荆学生公寓22号楼","thu","dorm","17.739","-20.431","38","red-brick","#8b5a49","#d2c5ab","#676955","flat","","dormitory","repeated-bays","osm","verified-osm","osm|esri-world-imagery|thu-map|thu-landscape|thu-planning|thu-gallery|thu-commons","https://www.openstreetmap.org/way/79698956","thu-landscape|thu-gallery|thu-commons","https://commons.wikimedia.org/w/index.php?search=%E7%B4%AB%E8%8D%86%E5%AD%A6%E7%94%9F%E5%85%AC%E5%AF%9322%E5%8F%B7%E6%A5%BC&title=Special:MediaSearch&type=image"
"105","way/79698958","紫荆学生公寓23号楼","thu","dorm","18.819","-19.226","38","red-brick","#8b5a49","#d2c5ab","#706f59","flat","","dormitory","repeated-bays","osm","verified-osm","osm|esri-world-imagery|thu-map|thu-landscape|thu-planning|thu-gallery|thu-commons","https://www.openstreetmap.org/way/79698958","thu-landscape|thu-gallery|thu-commons","https://commons.wikimedia.org/w/index.php?search=%E7%B4%AB%E8%8D%86%E5%AD%A6%E7%94%9F%E5%85%AC%E5%AF%9323%E5%8F%B7%E6%A5%BC&title=Special:MediaSearch&type=image"
"106","way/79698971","紫荆学生公寓15号楼","thu","dorm","7.458","-26.786","38","red-brick","#8b5a49","#d2c5ab","#858775","flat","","dormitory","repeated-bays","estimated","pending-field-check","osm|esri-world-imagery|thu-map|thu-landscape|thu-planning|thu-gallery|thu-commons","https://www.openstreetmap.org/way/79698971","thu-landscape|thu-gallery|thu-commons","https://commons.wikimedia.org/w/index.php?search=%E7%B4%AB%E8%8D%86%E5%AD%A6%E7%94%9F%E5%85%AC%E5%AF%9315%E5%8F%B7%E6%A5%BC&title=Special:MediaSearch&type=image"
"107","way/79698988","紫荆学生公寓18号楼","thu","dorm","13.546","-25.291","38","red-brick","#8b5a49","#d2c5ab","#6c705e","flat","","dormitory","repeated-bays","estimated","pending-field-check","osm|esri-world-imagery|thu-map|thu-landscape|thu-planning|thu-gallery|thu-commons","https://www.openstreetmap.org/way/79698988","thu-landscape|thu-gallery|thu-commons","https://commons.wikimedia.org/w/index.php?search=%E7%B4%AB%E8%8D%86%E5%AD%A6%E7%94%9F%E5%85%AC%E5%AF%9318%E5%8F%B7%E6%A5%BC&title=Special:MediaSearch&type=image"
"108","way/79700261","第四教学楼","thu","teaching","5.241","-1.739","13.8","red-brick","#8b5a49","#d2c5ab","#6b6e5e","flat","","academic","main-entrance","estimated","pending-field-check","osm|esri-world-imagery|thu-map|thu-landscape|thu-planning|thu-gallery|thu-commons","https://www.openstreetmap.org/way/79700261","thu-landscape|thu-gallery|thu-commons","https://commons.wikimedia.org/w/index.php?search=%E7%AC%AC%E5%9B%9B%E6%95%99%E5%AD%A6%E6%A5%BC&title=Special:MediaSearch&type=image"
"109","way/79701097","第三教学楼三段","thu","teaching","7.506","-3.211","10.4","red-brick","#8b5a49","#d2c5ab","#ada994","flat","","academic","main-entrance","osm","verified-osm","osm|esri-world-imagery|thu-map|thu-landscape|thu-planning|thu-gallery|thu-commons","https://www.openstreetmap.org/way/79701097","thu-landscape|thu-gallery|thu-commons","https://commons.wikimedia.org/w/index.php?search=%E7%AC%AC%E4%B8%89%E6%95%99%E5%AD%A6%E6%A5%BC%E4%B8%89%E6%AE%B5&title=Special:MediaSearch&type=image"
"110","way/79701105","第五教学楼","thu","teaching","3.901","-1.929","13.8","red-brick","#8b5a49","#d2c5ab","#bbb6a2","flat","","academic","main-entrance","estimated","pending-field-check","osm|esri-world-imagery|thu-map|thu-landscape|thu-planning|thu-gallery|thu-commons","https://www.openstreetmap.org/way/79701105","thu-landscape|thu-gallery|thu-commons","https://commons.wikimedia.org/w/index.php?search=%E7%AC%AC%E4%BA%94%E6%95%99%E5%AD%A6%E6%A5%BC&title=Special:MediaSearch&type=image"
"111","way/79701125","第三教学楼一、二段","thu","teaching","7.85","-2.118","13.8","red-brick","#8b5a49","#d2c5ab","#a29f89","flat","","academic","main-entrance","estimated","pending-field-check","osm|esri-world-imagery|thu-map|thu-landscape|thu-planning|thu-gallery|thu-commons","https://www.openstreetmap.org/way/79701125","thu-landscape|thu-gallery|thu-commons","https://commons.wikimedia.org/w/index.php?search=%E7%AC%AC%E4%B8%89%E6%95%99%E5%AD%A6%E6%A5%BC%E4%B8%80%E3%80%81%E4%BA%8C%E6%AE%B5&title=Special:MediaSearch&type=image"
"112","way/80341870","泥沙实验室","thu","teaching","5.079","-3.647","13.8","red-brick","#8b5a49","#d2c5ab","#656653","flat","","academic","main-entrance","estimated","pending-field-check","osm|esri-world-imagery|thu-map|thu-landscape|thu-planning|thu-gallery|thu-commons","https://www.openstreetmap.org/way/80341870","thu-landscape|thu-gallery|thu-commons","https://commons.wikimedia.org/w/index.php?search=%E6%B3%A5%E6%B2%99%E5%AE%9E%E9%AA%8C%E5%AE%A4&title=Special:MediaSearch&type=image"
"113","way/80341983","明理楼 （法学院）","thu","teaching","14.017","8.942","20.7","red-brick","#8b5a49","#d2c5ab","#646957","flat","","academic","main-entrance","estimated","pending-field-check","osm|esri-world-imagery|thu-map|thu-landscape|thu-planning|thu-gallery|thu-commons","https://www.openstreetmap.org/way/80341983","thu-landscape|thu-gallery|thu-commons","https://commons.wikimedia.org/w/index.php?search=%E6%98%8E%E7%90%86%E6%A5%BC%20%EF%BC%88%E6%B3%95%E5%AD%A6%E9%99%A2%EF%BC%89&title=Special:MediaSearch&type=image"
"114","way/80342017","建筑馆","thu","teaching","17.087","5.578","17.3","red-brick","#8b5a49","#d2c5ab","#777967","flat","","academic","main-entrance","osm","verified-osm","osm|esri-world-imagery|thu-map|thu-landscape|thu-planning|thu-gallery|thu-commons","https://www.openstreetmap.org/way/80342017","thu-landscape|thu-gallery|thu-commons","https://commons.wikimedia.org/w/index.php?search=%E5%BB%BA%E7%AD%91%E9%A6%86&title=Special:MediaSearch&type=image"
"115","way/80342199","节水科研教育基地","thu","teaching","4.51","-26.142","13.8","red-brick","#8b5a49","#d2c5ab","#bebca6","flat","","academic","main-entrance","estimated","pending-field-check","osm|esri-world-imagery|thu-map|thu-landscape|thu-planning|thu-gallery|thu-commons","https://www.openstreetmap.org/way/80342199","thu-landscape|thu-gallery|thu-commons","https://commons.wikimedia.org/w/index.php?search=%E8%8A%82%E6%B0%B4%E7%A7%91%E7%A0%94%E6%95%99%E8%82%B2%E5%9F%BA%E5%9C%B0&title=Special:MediaSearch&type=image"
"116","way/80717723","蒙民伟人文楼","thu","teaching","7.603","-4.47","13.8","red-brick","#8b5a49","#d2c5ab","#7e8475","flat","","academic","main-entrance","estimated","pending-field-check","osm|esri-world-imagery|thu-map|thu-landscape|thu-planning|thu-gallery|thu-commons","https://www.openstreetmap.org/way/80717723","thu-landscape|thu-gallery|thu-commons","https://commons.wikimedia.org/w/index.php?search=%E8%92%99%E6%B0%91%E4%BC%9F%E4%BA%BA%E6%96%87%E6%A5%BC&title=Special:MediaSearch&type=image"
"117","way/80813584","机北楼（老环境楼）","thu","teaching","4.553","-10.236","13.8","red-brick","#8b5a49","#d2c5ab","#595b4b","flat","","academic","main-entrance","estimated","pending-field-check","osm|esri-world-imagery|thu-map|thu-landscape|thu-planning|thu-gallery|thu-commons","https://www.openstreetmap.org/way/80813584","thu-landscape|thu-gallery|thu-commons","https://commons.wikimedia.org/w/index.php?search=%E6%9C%BA%E5%8C%97%E6%A5%BC%EF%BC%88%E8%80%81%E7%8E%AF%E5%A2%83%E6%A5%BC%EF%BC%89&title=Special:MediaSearch&type=image"
"118","way/80916524","纳米科技楼","thu","teaching","8.339","8.126","20.7","glass","#7896a2","#a7babd","#888774","flat","","academic","main-entrance","estimated","pending-field-check","osm|esri-world-imagery|thu-map|thu-landscape|thu-planning|thu-gallery|thu-commons","https://www.openstreetmap.org/way/80916524","thu-landscape|thu-gallery|thu-commons","https://commons.wikimedia.org/w/index.php?search=%E7%BA%B3%E7%B1%B3%E7%A7%91%E6%8A%80%E6%A5%BC&title=Special:MediaSearch&type=image"
"119","way/83799497","何善衡馆 （土木馆）","thu","teaching","10.671","-5.441","13.8","red-brick","#8b5a49","#d2c5ab","#696b58","flat","","academic","main-entrance","estimated","pending-field-check","osm|esri-world-imagery|thu-map|thu-landscape|thu-planning|thu-gallery|thu-commons","https://www.openstreetmap.org/way/83799497","thu-landscape|thu-gallery|thu-commons","https://commons.wikimedia.org/w/index.php?search=%E4%BD%95%E5%96%84%E8%A1%A1%E9%A6%86%20%EF%BC%88%E5%9C%9F%E6%9C%A8%E9%A6%86%EF%BC%89&title=Special:MediaSearch&type=image"
"120","way/83801034","化学馆","thu","teaching","-9.886","-10.35","13.8","red-brick","#8b5a49","#d2c5ab","#595a4a","flat","","academic","main-entrance","estimated","pending-field-check","osm|esri-world-imagery|thu-map|thu-landscape|thu-planning|thu-gallery|thu-commons","https://www.openstreetmap.org/way/83801034","thu-landscape|thu-gallery|thu-commons","https://commons.wikimedia.org/w/index.php?search=%E5%8C%96%E5%AD%A6%E9%A6%86&title=Special:MediaSearch&type=image"
"121","way/83810378","机械工程馆","thu","teaching","1.537","1.164","13.8","red-brick","#8b5a49","#d2c5ab","#bbbaaa","flat","","academic","main-entrance","estimated","pending-field-check","osm|esri-world-imagery|thu-map|thu-landscape|thu-planning|thu-gallery|thu-commons","https://www.openstreetmap.org/way/83810378","thu-landscape|thu-gallery|thu-commons","https://commons.wikimedia.org/w/index.php?search=%E6%9C%BA%E6%A2%B0%E5%B7%A5%E7%A8%8B%E9%A6%86&title=Special:MediaSearch&type=image"
"122","way/83892807","汽车研究所","thu","teaching","18.873","-17.002","13.8","red-brick","#8b5a49","#d2c5ab","#696d5b","flat","","academic","main-entrance","estimated","pending-field-check","osm|esri-world-imagery|thu-map|thu-landscape|thu-planning|thu-gallery|thu-commons","https://www.openstreetmap.org/way/83892807","thu-landscape|thu-gallery|thu-commons","https://commons.wikimedia.org/w/index.php?search=%E6%B1%BD%E8%BD%A6%E7%A0%94%E7%A9%B6%E6%89%80&title=Special:MediaSearch&type=image"
"123","way/83990425","旧水利馆","thu","teaching","2.023","0.03","13.8","red-brick","#8b5a49","#d2c5ab","#535a4b","flat","","academic","main-entrance","estimated","pending-field-check","osm|esri-world-imagery|thu-map|thu-landscape|thu-planning|thu-gallery|thu-commons","https://www.openstreetmap.org/way/83990425","thu-landscape|thu-gallery|thu-commons","https://commons.wikimedia.org/w/index.php?search=%E6%97%A7%E6%B0%B4%E5%88%A9%E9%A6%86&title=Special:MediaSearch&type=image"
"124","way/84100851","未来新媒体实验室","thu","teaching","9.213","-12.955","13.8","red-brick","#8b5a49","#d2c5ab","#454c3b","flat","","academic","main-entrance","estimated","pending-field-check","osm|esri-world-imagery|thu-map|thu-landscape|thu-planning|thu-gallery|thu-commons","https://www.openstreetmap.org/way/84100851","thu-landscape|thu-gallery|thu-commons","https://commons.wikimedia.org/w/index.php?search=%E6%9C%AA%E6%9D%A5%E6%96%B0%E5%AA%92%E4%BD%93%E5%AE%9E%E9%AA%8C%E5%AE%A4&title=Special:MediaSearch&type=image"
"125","way/84106845","生物学馆","thu","teaching","-9.401","-3.661","10.4","red-brick","#8b5a49","#d2c5ab","#94947d","flat","","academic","main-entrance","osm","verified-osm","osm|esri-world-imagery|thu-map|thu-landscape|thu-planning|thu-gallery|thu-commons","https://www.openstreetmap.org/way/84106845","thu-landscape|thu-gallery|thu-commons","https://commons.wikimedia.org/w/index.php?search=%E7%94%9F%E7%89%A9%E5%AD%A6%E9%A6%86&title=Special:MediaSearch&type=image"
"126","way/84644273","紫荆学生公寓17号楼","thu","dorm","11.158","-26.984","38","red-brick","#8b5a49","#d2c5ab","#797e6e","flat","","dormitory","repeated-bays","estimated","pending-field-check","osm|esri-world-imagery|thu-map|thu-landscape|thu-planning|thu-gallery|thu-commons","https://www.openstreetmap.org/way/84644273","thu-landscape|thu-gallery|thu-commons","https://commons.wikimedia.org/w/index.php?search=%E7%B4%AB%E8%8D%86%E5%AD%A6%E7%94%9F%E5%85%AC%E5%AF%9317%E5%8F%B7%E6%A5%BC&title=Special:MediaSearch&type=image"
"127","way/84644276","紫荆学生公寓16号楼","thu","dorm","9.332","-26.91","38","red-brick","#8b5a49","#d2c5ab","#7c8575","flat","","dormitory","repeated-bays","estimated","pending-field-check","osm|esri-world-imagery|thu-map|thu-landscape|thu-planning|thu-gallery|thu-commons","https://www.openstreetmap.org/way/84644276","thu-landscape|thu-gallery|thu-commons","https://commons.wikimedia.org/w/index.php?search=%E7%B4%AB%E8%8D%86%E5%AD%A6%E7%94%9F%E5%85%AC%E5%AF%9316%E5%8F%B7%E6%A5%BC&title=Special:MediaSearch&type=image"
"128","way/84644281","紫荆学生公寓14号楼","thu","dorm","5.591","-26.666","38","red-brick","#8b5a49","#d2c5ab","#656655","flat","","dormitory","repeated-bays","estimated","pending-field-check","osm|esri-world-imagery|thu-map|thu-landscape|thu-planning|thu-gallery|thu-commons","https://www.openstreetmap.org/way/84644281","thu-landscape|thu-gallery|thu-commons","https://commons.wikimedia.org/w/index.php?search=%E7%B4%AB%E8%8D%86%E5%AD%A6%E7%94%9F%E5%85%AC%E5%AF%9314%E5%8F%B7%E6%A5%BC&title=Special:MediaSearch&type=image"
"129","way/84653293","经济管理学院","thu","teaching","12.597","5.578","20.7","red-brick","#8b5a49","#d2c5ab","#7d806d","flat","","academic","main-entrance","osm","verified-osm","osm|esri-world-imagery|thu-map|thu-landscape|thu-planning|thu-gallery|thu-commons","https://www.openstreetmap.org/way/84653293","thu-landscape|thu-gallery|thu-commons","https://commons.wikimedia.org/w/index.php?search=%E7%BB%8F%E6%B5%8E%E7%AE%A1%E7%90%86%E5%AD%A6%E9%99%A2&title=Special:MediaSearch&type=image"
"130","way/85379553","文西楼（新闻与传播学院）","thu","teaching","2.73","-2.986","20.7","red-brick","#8b5a49","#d2c5ab","#9e9e8c","flat","","academic","main-entrance","estimated","pending-field-check","osm|esri-world-imagery|thu-map|thu-landscape|thu-planning|thu-gallery|thu-commons","https://www.openstreetmap.org/way/85379553","thu-landscape|thu-gallery|thu-commons","https://commons.wikimedia.org/w/index.php?search=%E6%96%87%E8%A5%BF%E6%A5%BC%EF%BC%88%E6%96%B0%E9%97%BB%E4%B8%8E%E4%BC%A0%E6%92%AD%E5%AD%A6%E9%99%A2%EF%BC%89&title=Special:MediaSearch&type=image"
"131","way/85379557","新水利馆","thu","teaching","1.685","-4.385","13.8","red-brick","#8b5a49","#d2c5ab","#7e7e67","flat","","academic","main-entrance","estimated","pending-field-check","osm|esri-world-imagery|thu-map|thu-landscape|thu-planning|thu-gallery|thu-commons","https://www.openstreetmap.org/way/85379557","thu-landscape|thu-gallery|thu-commons","https://commons.wikimedia.org/w/index.php?search=%E6%96%B0%E6%B0%B4%E5%88%A9%E9%A6%86&title=Special:MediaSearch&type=image"
"132","way/85480383","化学馆新馆（何添楼）","thu","teaching","-8.356","-10.978","13.8","red-brick","#8b5a49","#d2c5ab","#717462","flat","","academic","main-entrance","estimated","pending-field-check","osm|esri-world-imagery|thu-map|thu-landscape|thu-planning|thu-gallery|thu-commons","https://www.openstreetmap.org/way/85480383","thu-landscape|thu-gallery|thu-commons","https://commons.wikimedia.org/w/index.php?search=%E5%8C%96%E5%AD%A6%E9%A6%86%E6%96%B0%E9%A6%86%EF%BC%88%E4%BD%95%E6%B7%BB%E6%A5%BC%EF%BC%89&title=Special:MediaSearch&type=image"
"133","way/85553379","微电子所（集成电路学院）","thu","teaching","11.003","7.669","20.7","red-brick","#8b5a49","#d2c5ab","#696d5d","flat","","academic","main-entrance","estimated","pending-field-check","osm|esri-world-imagery|thu-map|thu-landscape|thu-planning|thu-gallery|thu-commons","https://www.openstreetmap.org/way/85553379","thu-landscape|thu-gallery|thu-commons","https://commons.wikimedia.org/w/index.php?search=%E5%BE%AE%E7%94%B5%E5%AD%90%E6%89%80%EF%BC%88%E9%9B%86%E6%88%90%E7%94%B5%E8%B7%AF%E5%AD%A6%E9%99%A2%EF%BC%89&title=Special:MediaSearch&type=image"
"134","way/155287911","电子工程馆","thu","teaching","21.729","-9.172","13.8","red-brick","#8b5a49","#d2c5ab","#626859","flat","","academic","main-entrance","estimated","pending-field-check","osm|esri-world-imagery|thu-map|thu-landscape|thu-planning|thu-gallery|thu-commons","https://www.openstreetmap.org/way/155287911","thu-landscape|thu-gallery|thu-commons","https://commons.wikimedia.org/w/index.php?search=%E7%94%B5%E5%AD%90%E5%B7%A5%E7%A8%8B%E9%A6%86&title=Special:MediaSearch&type=image"
"135","way/158134858","环境节能楼（环境工程系）","thu","teaching","19.551","9.112","13.8","red-brick","#8b5a49","#d2c5ab","#8d8e7b","flat","","academic","main-entrance","estimated","pending-field-check","osm|esri-world-imagery|thu-map|thu-landscape|thu-planning|thu-gallery|thu-commons","https://www.openstreetmap.org/way/158134858","thu-landscape|thu-gallery|thu-commons","https://commons.wikimedia.org/w/index.php?search=%E7%8E%AF%E5%A2%83%E8%8A%82%E8%83%BD%E6%A5%BC%EF%BC%88%E7%8E%AF%E5%A2%83%E5%B7%A5%E7%A8%8B%E7%B3%BB%EF%BC%89&title=Special:MediaSearch&type=image"
"136","way/226666846","生命科学馆","thu","teaching","-8.352","-6.04","13.8","red-brick","#8b5a49","#d2c5ab","#5d6958","hipped","","academic","main-entrance","estimated","pending-field-check","osm|esri-world-imagery|thu-map|thu-landscape|thu-planning|thu-gallery|thu-commons","https://www.openstreetmap.org/way/226666846","thu-landscape|thu-gallery|thu-commons","https://commons.wikimedia.org/w/index.php?search=%E7%94%9F%E5%91%BD%E7%A7%91%E5%AD%A6%E9%A6%86&title=Special:MediaSearch&type=image"
"137","way/226667976","公共管理学院","thu","teaching","12.933","7.64","20.7","red-brick","#8b5a49","#d2c5ab","#666b5e","flat","","academic","main-entrance","estimated","pending-field-check","osm|esri-world-imagery|thu-map|thu-landscape|thu-planning|thu-gallery|thu-commons","https://www.openstreetmap.org/way/226667976","thu-landscape|thu-gallery|thu-commons","https://commons.wikimedia.org/w/index.php?search=%E5%85%AC%E5%85%B1%E7%AE%A1%E7%90%86%E5%AD%A6%E9%99%A2&title=Special:MediaSearch&type=image"
"138","way/226668655","中6楼","thu","dorm","-2.996","6.867","20.7","red-brick","#8b5a49","#d2c5ab","#7f846f","flat","","dormitory","repeated-bays","estimated","pending-field-check","osm|esri-world-imagery|thu-map|thu-landscape|thu-planning|thu-gallery|thu-commons","https://www.openstreetmap.org/way/226668655","thu-landscape|thu-gallery|thu-commons","https://commons.wikimedia.org/w/index.php?search=%E4%B8%AD6%E6%A5%BC&title=Special:MediaSearch&type=image"
"139","way/226668656","中5楼","thu","dorm","-4.349","6.945","20.7","red-brick","#8b5a49","#d2c5ab","#5f6555","flat","","dormitory","repeated-bays","estimated","pending-field-check","osm|esri-world-imagery|thu-map|thu-landscape|thu-planning|thu-gallery|thu-commons","https://www.openstreetmap.org/way/226668656","thu-landscape|thu-gallery|thu-commons","https://commons.wikimedia.org/w/index.php?search=%E4%B8%AD5%E6%A5%BC&title=Special:MediaSearch&type=image"
"140","way/226668658","中2楼","thu","dorm","-3.162","5.211","20.7","red-brick","#8b5a49","#d2c5ab","#808370","flat","","dormitory","repeated-bays","estimated","pending-field-check","osm|esri-world-imagery|thu-map|thu-landscape|thu-planning|thu-gallery|thu-commons","https://www.openstreetmap.org/way/226668658","thu-landscape|thu-gallery|thu-commons","https://commons.wikimedia.org/w/index.php?search=%E4%B8%AD2%E6%A5%BC&title=Special:MediaSearch&type=image"
"141","way/226668659","中1楼","thu","dorm","-4.438","5.296","20.7","red-brick","#8b5a49","#d2c5ab","#606858","flat","","dormitory","repeated-bays","estimated","pending-field-check","osm|esri-world-imagery|thu-map|thu-landscape|thu-planning|thu-gallery|thu-commons","https://www.openstreetmap.org/way/226668659","thu-landscape|thu-gallery|thu-commons","https://commons.wikimedia.org/w/index.php?search=%E4%B8%AD1%E6%A5%BC&title=Special:MediaSearch&type=image"
"142","way/226668703","西南19","thu","dorm","-5.875","11.895","20.7","red-brick","#8b5a49","#d2c5ab","#6e705d","flat","","dormitory","repeated-bays","estimated","pending-field-check","osm|esri-world-imagery|thu-map|thu-landscape|thu-planning|thu-gallery|thu-commons","https://www.openstreetmap.org/way/226668703","thu-landscape|thu-gallery|thu-commons","https://commons.wikimedia.org/w/index.php?search=%E8%A5%BF%E5%8D%9719&title=Special:MediaSearch&type=image"
